JobID,JobTitle,JobCompany,JobWage
JB100,Pellentesque ut ipsum ac,Aliquam PC,14.01
JB101,non massa non ante,Massa Lobortis Corporation,16.65
JB102,aliquet molestie tellus. Aenean,Nulla PC,11.3
JB103,lorem lorem  luctus ut ,Sociis Natoque Limited,18.85
JB104,faucibus lectus  a sollicitudin,Eget Magna Company,17.78
JB105,Nunc sed orci lobortis,Mus Donec Dignissim Foundation,20
JB106,natoque penatibus et magnis,Nec LLC,14.01
JB107,non ante bibendum ullamcorper.,Adipiscing Enim PC,17.74
JB108,porttitor interdum. Sed auctor,Fusce Mi Lorem LLC,15.32
JB109,blandit enim consequat purus.,Proin Vel Associates,20.89
JB110,sed  est. Nunc laoreet,Donec Nibh Foundation,16.08
JB111,molestie pharetra nibh. Aliquam,Ligula Aenean Gravida PC,18.24
JB112,convallis in  cursus et ,Mauris Limited,17.01
JB113,ornare sagittis felis. Donec,Vivamus Euismod Industries,15.15
JB114,ad litora torquent per,Nec Orci Donec Associates,20.7
JB115,egestas lacinia. Sed congue ,Erat Sed Institute,18.23
JB116,ullamcorper eu  euismod ac ,Arcu Vel Foundation,16.4
JB117,nascetur ridiculus mus. Donec,Morbi LLP,16.98
JB118,elementum sem  vitae aliquam,Aliquam Fringilla Cursus Associates,12.59
JB119,nascetur ridiculus mus. Donec,Placerat Orci PC,16.89
JB120,adipiscing  enim mi tempor,Morbi LLC,18.85
JB121,ligula eu enim. Etiam,Pellentesque Tincidunt LLC,16.01
JB122,aliquet odio. Etiam ligula,Dui Quis LLC,19.13
JB123,diam. Proin dolor. Nulla,Libero Associates,16.23
JB124,nec  eleifend non  dapibus,Vulputate Company,13.49
JB125,egestas. Aliquam fringilla cursus,Nunc Quis Arcu Institute,16.41
JB126,vel  convallis in  cursus,Vitae Posuere PC,20.37
JB127,quam vel sapien imperdiet,Tempor Est Inc.,16.28
JB128,sed tortor. Integer aliquam,Arcu Et Associates,13.45
JB129,taciti sociosqu ad litora,Consectetuer Euismod Corporation,13.57
JB130,sagittis semper. Nam tempor,Per Inceptos Corp.,16.71
JB131,sit amet  consectetuer adipiscing,Tempus Foundation,14.42
JB132,molestie pharetra nibh. Aliquam,Lorem Industries,20.63
JB133,pellentesque. Sed dictum. Proin,Sapien Gravida Non Incorporated,17.98
JB134,Morbi non sapien molestie,Quis PC,11.79
JB135,sit amet diam eu,Orci Sem Company,14.12
JB136,Pellentesque ut ipsum ac,Donec Sollicitudin Incorporated,20.1
JB137,eget  dictum placerat  augue.,Laoreet Lectus Industries,13.94
JB138,arcu. Aliquam ultrices iaculis,Eu Erat Semper LLP,19.06
JB139,amet risus. Donec egestas.,Egestas Urna Limited,13.48
JB140,vitae dolor. Donec fringilla.,Fusce Aliquam Enim Ltd,11.31
JB141,mattis ornare  lectus ante,In Ornare Sagittis Foundation,17.89
JB142,fermentum convallis ligula. Donec,Velit Eu LLC,11.8
JB143,natoque penatibus et magnis,Ante Maecenas Industries,18.82
JB144,tempor  est ac mattis,Mus Donec Dignissim Limited,13.71
JB145,pellentesque. Sed dictum. Proin,Convallis Industries,15.74
JB146,Mauris nulla. Integer urna.,Ligula Aliquam Corp.,18.96
JB147,sem elit  pharetra ut ,Mollis Duis Ltd,12.09
JB148,diam luctus lobortis. Class,Pellentesque Ut Incorporated,13.81
JB149,semper pretium neque. Morbi,Tellus Suspendisse PC,19.29
JB150,posuere at  velit. Cras,Nascetur Ridiculus Mus Associates,16.24
JB151,Proin ultrices. Duis volutpat,Cras Eget Nisi Foundation,11.29
JB152,nulla vulputate dui  nec,Rhoncus Corp.,15.42
JB153,pharetra. Quisque ac libero,Pharetra Nibh Corp.,16.74
JB154,augue  eu tempor erat,Feugiat Sed Institute,15.42
JB155,magnis dis parturient montes ,Sit Amet Ltd,17.25
JB156,a  enim. Suspendisse aliquet ,Cras Sed LLC,17.4
JB157,hendrerit. Donec porttitor tellus,Adipiscing Fringilla Incorporated,12.58
JB158,mollis. Duis sit amet,Neque Ltd,12.19
JB159,dolor. Nulla semper tellus,In Aliquet Lobortis Inc.,17.63
JB160,sed  facilisis vitae  orci.,Mi Ac Corporation,15.93
JB161,tellus sem mollis dui ,At PC,15.06
JB162,dapibus rutrum  justo. Praesent,Integer Vulputate PC,18.07
JB163,magna a tortor. Nunc,Nascetur Ridiculus Institute,11.53
JB164,Fusce diam nunc  ullamcorper,Metus Aliquam Incorporated,13.14
JB165,est arcu ac orci.,Urna Vivamus LLP,15.94
JB166,molestie. Sed id risus,Ante Bibendum Incorporated,18.88
JB167,est mauris  rhoncus id ,Nunc Ullamcorper Corp.,13.23
JB168,Proin velit. Sed malesuada,Eu Odio Corporation,19.53
JB169,facilisis facilisis  magna tellus,Quisque Imperdiet Corp.,16.23
JB170,ante  iaculis nec  eleifend,Conubia Nostra Ltd,12.78
JB171,penatibus et magnis dis,Nulla Company,19.1
JB172,vitae odio sagittis semper.,Volutpat Ornare Institute,19.73
JB173,Cras convallis convallis dolor.,Convallis Corporation,18.21
JB174,mauris eu elit. Nulla,Convallis Est Vitae PC,17
JB175,malesuada malesuada. Integer id,Luctus Et Corp.,11.22
JB176,eu  placerat eget  venenatis,Donec Tincidunt Donec Consulting,15.44
JB177,magnis dis parturient montes ,Magna Consulting,16.66
JB178,nec  malesuada ut  sem.,Ac Mattis Corp.,12.04
JB179,amet  faucibus ut  nulla.,Parturient Montes Ltd,14.26
JB180,fermentum risus  at fringilla,Duis Risus Odio Corporation,20.98
JB181,euismod enim. Etiam gravida,Fermentum Arcu Vestibulum PC,16.08
JB182,Maecenas malesuada fringilla est.,Aliquam Institute,16.34
JB183,ornare. Fusce mollis. Duis,Consequat Enim Foundation,13.13
JB184,dignissim lacus. Aliquam rutrum,Cras Vulputate PC,14.14
JB185,placerat velit. Quisque varius.,Non Enim Foundation,11.54
JB186,et netus et malesuada,Nisl Associates,17.62
JB187,laoreet posuere  enim nisl,Nunc In Corporation,20.49
JB188,Phasellus nulla. Integer vulputate ,Fermentum Convallis Limited,12.15
JB189,amet ornare lectus justo,Est Mauris Corporation,11.63
JB190,ante dictum cursus. Nunc,In Magna Associates,18.17
JB191,bibendum fermentum metus. Aenean,Sit Amet Ltd,16.85
JB192,habitant morbi tristique senectus,Imperdiet Non LLP,18.48
JB193,eu lacus. Quisque imperdiet ,Tortor Corp.,14.27
JB194,vulputate  posuere vulputate  lacus.,Amet Incorporated,18.57
JB195,ad litora torquent per,Sodales At Ltd,14.33
JB196,lacus. Aliquam rutrum lorem,Eu Ligula Limited,18.22
JB197,netus et malesuada fames,Cras Eu Inc.,20.2
JB198,tellus. Nunc lectus pede ,At Libero Morbi Institute,12.66
JB199,leo. Morbi neque tellus ,Malesuada Malesuada Corporation,13.57
JB200,sapien. Cras dolor dolor ,Molestie Arcu LLC,18.64
JB201,convallis dolor. Quisque tincidunt,Malesuada Vel LLP,12.52
JB202,turpis egestas. Aliquam fringilla,Feugiat LLC,13.71
JB203,eget laoreet posuere  enim,Venenatis Institute,20.46
JB204,Aenean sed pede nec,Cursus Et Corp.,16.13
JB205,non  vestibulum nec  euismod,Lorem Ac Incorporated,15.22
JB206,nec ante blandit viverra.,Ipsum Ltd,15.33
JB207,ligula eu enim. Etiam,Pellentesque A PC,11.19
JB208,nisl elementum purus  accumsan,Fringilla Cursus PC,13.23
JB209,Integer tincidunt aliquam arcu.,Eros Proin Company,14.47
JB210,in aliquet lobortis  nisi,Fringilla Donec Feugiat Consulting,19.84
JB211,sem eget massa. Suspendisse,Mollis Limited,13.63
JB212,ut quam vel sapien,Phasellus Ornare Inc.,11.06
JB213,nulla. Integer urna. Vivamus,Turpis Vitae Incorporated,14.18
JB214,risus. Morbi metus. Vivamus,Tortor Dictum Incorporated,19.97
JB215,massa non ante bibendum,Pharetra Ut Corporation,15.91
JB216,nisi. Mauris nulla. Integer,Suscipit Corp.,15.12
JB217,sodales. Mauris blandit enim,Parturient Montes Corporation,15.87
JB218,Aliquam ornare  libero at,Lorem Fringilla Inc.,20.9
JB219,Donec nibh. Quisque nonummy,Leo Cras LLC,12.06
JB220,commodo at  libero. Morbi,Risus Duis A Associates,11.85
JB221,tincidunt adipiscing. Mauris molestie,Risus Nulla Corp.,15.2
JB222,vulputate ullamcorper magna. Sed,Tellus Non PC,12.11
JB223,ut cursus luctus  ipsum,Mauris Vel Institute,12.84
JB224,lacus. Quisque imperdiet  erat,Ut Tincidunt Ltd,18.23
JB225,augue scelerisque mollis. Phasellus,Tempor Est Ac LLC,14.1
JB226,adipiscing non  luctus sit,Quis Lectus Nullam Inc.,11.4
JB227,pede. Nunc sed orci,Quis Massa Associates,12.94
JB228,hymenaeos. Mauris ut quam,Lectus Corporation,16.08
JB229,augue malesuada malesuada. Integer,Integer Tincidunt Inc.,14.76
JB230,dis parturient montes  nascetur,Purus Duis Inc.,18.31
JB231,ut nisi a odio,Aenean Eget Limited,16.98
JB232,sagittis. Duis gravida. Praesent,Nec Diam Associates,20.81
JB233,est  mollis non  cursus,Aliquet Diam Sed LLP,17.32
JB234,eu  euismod ac  fermentum,In PC,17.24
JB235,ridiculus mus. Proin vel,Sapien Cras LLP,13.99
JB236,egestas a  scelerisque sed ,Habitant Industries,13.56
JB237,mauris ut mi. Duis,Bibendum Donec Industries,20.42
JB238,Donec dignissim magna a,Fusce Feugiat Industries,19.95
JB239,Morbi accumsan laoreet ipsum.,Aliquet Sem Corporation,11.31
JB240,Duis ac arcu. Nunc,Elementum Corporation,12.2
JB241,bibendum sed  est. Nunc,Neque LLP,11.3
JB242,Suspendisse sagittis. Nullam vitae,Et Ipsum Cursus Limited,18.56
JB243,faucibus orci luctus et,Libero Mauris Aliquam Institute,12.85
JB244,primis in faucibus orci,Tempus Non PC,15.47
JB245,velit. Cras lorem lorem ,Consequat Corp.,15.7
JB246,est  mollis non  cursus,Feugiat Lorem Foundation,17.6
JB247,Vivamus euismod urna. Nullam,Etiam LLC,11.98
JB248,morbi tristique senectus et,Sem Inc.,11.58
JB249,velit eget laoreet posuere ,Vehicula Aliquet Libero Inc.,14.92
JB250,primis in faucibus orci,Erat Semper Rutrum LLC,16.34
JB251,dictum placerat  augue. Sed,Diam Institute,13.64
JB252,augue id ante dictum,Est Vitae Sodales Consulting,18.66
JB253,eleifend egestas. Sed pharetra ,Vivamus Euismod Urna Corp.,12.51
JB254,nunc sit amet metus.,A Ultricies Adipiscing LLP,13.83
JB255,faucibus. Morbi vehicula. Pellentesque,Quam Pellentesque Habitant Consulting,11.4
JB256,in consequat enim diam,Facilisis Corporation,20.11
JB257,vel arcu. Curabitur ut,Fusce Incorporated,14.86
JB258,Etiam ligula tortor  dictum,Dui Semper Foundation,11.07
JB259,In at pede. Cras,Orci Lacus Ltd,19.42
JB260,tristique pharetra. Quisque ac,Eget Tincidunt Institute,14.42
JB261,arcu. Vestibulum ante ipsum,Libero LLP,15.19
JB262,in magna. Phasellus dolor,Quam Elementum At Inc.,16.08
JB263,odio. Nam interdum enim,Tristique Corp.,20.81
JB264,neque venenatis lacus. Etiam,Non Ltd,16.32
JB265,dictum mi  ac mattis,Ornare Libero At Ltd,11.62
JB266,lacus  varius et  euismod,Ut Nulla Incorporated,17.67
JB267,Nullam suscipit  est ac,Rutrum Lorem Ltd,17.66
JB268,sagittis. Nullam vitae diam.,Dictum Phasellus Incorporated,11.97
JB269,tristique pharetra. Quisque ac,Risus Quis Corp.,19.68
JB270,Nam nulla magna  malesuada,Elementum Sem Ltd,18.62
JB271,enim nec tempus scelerisque ,Sed LLC,15.42
JB272,quis arcu vel quam,Tempor LLP,19.12
JB273,Phasellus in felis. Nulla,Donec Institute,18.98
JB274,in  hendrerit consectetuer  cursus,Condimentum Corporation,20.26
JB275,tortor. Integer aliquam adipiscing,Diam Vel PC,16.49
JB276,gravida molestie arcu. Sed,Venenatis Vel Ltd,13.77
JB277,odio vel est tempor,Tincidunt Orci Quis Inc.,15.54
JB278,Curabitur vel lectus. Cum,Phasellus Elit Pede PC,13.55
JB279,Maecenas iaculis aliquet diam.,Lectus Pede LLC,20.9
JB280,nec enim. Nunc ut,Accumsan Incorporated,20.91
JB281,lorem. Donec elementum  lorem,Morbi Vehicula Ltd,18.6
JB282,risus varius orci  in,Curabitur Consequat Lectus LLP,14.47
JB283,venenatis a  magna. Lorem,Auctor Ullamcorper Ltd,19.81
JB284,lectus pede  ultrices a ,Ipsum Ltd,17.87
JB285,posuere at  velit. Cras,Dictum Augue LLC,11.36
JB286,laoreet ipsum. Curabitur consequat ,Ac Institute,20.94
JB287,nulla. Integer urna. Vivamus,Dolor Dapibus Gravida Corp.,19.16
JB288,aliquam adipiscing lacus. Ut,Sit Amet Lorem PC,16.09
JB289,non leo. Vivamus nibh,Nibh Aliquam Inc.,19.3
JB290,Etiam ligula tortor  dictum,Nunc PC,15.57
JB291,tempus  lorem fringilla ornare,Risus Donec Egestas Limited,13.45
JB292,ipsum ac mi eleifend,Elit Fermentum Company,18.04
JB293,dui  semper et  lacinia,Duis Ltd,12.41
JB294,parturient montes  nascetur ridiculus,Nascetur Ridiculus Mus Inc.,17.66
JB295,vulputate mauris sagittis placerat.,Pede Suspendisse Dui Industries,19.59
JB296,dui  semper et  lacinia,Lobortis Quam LLC,12.21
JB297,Suspendisse ac metus vitae,Donec Dignissim Associates,15.91
JB298,lorem ac risus. Morbi,Donec Tempor LLP,14.34
JB299,fermentum arcu. Vestibulum ante,A Feugiat Tellus Associates,14.94
